{"loss": [10.501072883605957, 2.061457872390747, 1.9896966218948364, 1.9818027019500732, 1.8854970932006836, 1.7809354066848755, 1.6676462888717651, 1.5856108665466309, 1.4936429262161255, 1.1902177333831787, 1.0283788442611694, 1.0393977165222168, 0.8099920153617859, 0.8632336258888245, 0.6253109574317932, 0.4759230315685272, 0.3557334244251251, 0.2717936635017395, 0.232612743973732, 0.18621118366718292, 0.11896417289972305, 0.20643778145313263, 0.25431329011917114, 0.21484771370887756, 0.22246454656124115, 0.25158530473709106, 0.24910908937454224, 0.14787746965885162, 0.13347230851650238, 0.07634909451007843, 0.09881541132926941, 0.08893813192844391], "accuracy": [0.14000000059604645, 0.1837500035762787, 0.21375000476837158, 0.23499999940395355, 0.2837499976158142, 0.3400000035762787, 0.38874998688697815, 0.4025000035762787, 0.4650000035762787, 0.5874999761581421, 0.6512500047683716, 0.6412500143051147, 0.7300000190734863, 0.7225000262260437, 0.7912499904632568, 0.8512499928474426, 0.8987500071525574, 0.9175000190734863, 0.9237499833106995, 0.9437500238418579, 0.96875, 0.9424999952316284, 0.918749988079071, 0.9375, 0.9337499737739563, 0.9175000190734863, 0.9412500262260437, 0.9537500143051147, 0.9612500071525574, 0.9762499928474426, 0.9712499976158142, 0.9750000238418579], "val_loss": [2.0832607746124268, 2.0314137935638428, 1.9736006259918213, 1.9135706424713135, 1.8078523874282837, 1.5305209159851074, 1.4495596885681152, 1.4457600116729736, 1.085147738456726, 0.889133632183075, 0.7446169853210449, 0.5207850337028503, 0.811665415763855, 0.4666106104850769, 0.2767515778541565, 0.3317055106163025, 0.15219761431217194, 0.07758273929357529, 0.08546625077724457, 0.06901313364505768, 0.06972165405750275, 0.24269075691699982, 0.19900110363960266, 0.1529920995235443, 0.15828174352645874, 0.20511002838611603, 0.10567481815814972, 0.12591129541397095, 0.062139250338077545, 0.06869320571422577, 0.11489218473434448, 0.08937735855579376], "val_accuracy": [0.15625, 0.25, 0.26875001192092896, 0.26875001192092896, 0.2874999940395355, 0.44999998807907104, 0.46875, 0.4749999940395355, 0.6187499761581421, 0.7437499761581421, 0.768750011920929, 0.831250011920929, 0.800000011920929, 0.856249988079071, 0.9375, 0.875, 0.96875, 0.987500011920929, 0.981249988079071, 0.981249988079071, 0.9750000238418579, 0.9437500238418579, 0.9375, 0.949999988079071, 0.949999988079071, 0.949999988079071, 0.9750000238418579, 0.9624999761581421, 0.981249988079071, 0.981249988079071, 0.956250011920929, 0.9750000238418579]}