{"loss": [2.1195948123931885, 2.1403374671936035, 2.1063642501831055, 2.1040689945220947, 2.10587215423584, 2.090081214904785, 2.094082832336426, 2.087639808654785, 2.0869810581207275, 2.087423086166382, 2.0844674110412598, 2.0835399627685547, 2.082768201828003, 2.0818843841552734, 2.0815868377685547, 2.08207368850708, 2.0809519290924072, 2.0809006690979004, 2.0806593894958496, 2.0811378955841064, 2.0797548294067383, 2.080023765563965, 2.080071210861206, 2.0799453258514404, 2.08048939704895, 2.080547571182251, 2.0794460773468018, 2.0796661376953125, 2.079968214035034, 2.079941749572754, 2.079580783843994, 2.079897880554199], "accuracy": [0.11999999731779099, 0.11249999701976776, 0.13375000655651093, 0.1237500011920929, 0.12250000238418579, 0.13124999403953552, 0.11999999731779099, 0.125, 0.125, 0.1237500011920929, 0.125, 0.125, 0.125, 0.125, 0.125, 0.125, 0.125, 0.125, 0.125, 0.125, 0.125, 0.125, 0.125, 0.125, 0.125, 0.125, 0.10875000059604645, 0.11749999970197678, 0.11999999731779099, 0.11625000089406967, 0.1237500011920929, 0.11749999970197678], "val_loss": [2.1522774696350098, 2.142580032348633, 2.102966785430908, 2.0981812477111816, 2.094733238220215, 2.091782331466675, 2.089385509490967, 2.087575674057007, 2.0859427452087402, 2.084792375564575, 2.083616256713867, 2.0828943252563477, 2.0822060108184814, 2.0817453861236572, 2.08127498626709, 2.0808565616607666, 2.080582618713379, 2.0803475379943848, 2.080249547958374, 2.0800869464874268, 2.0799825191497803, 2.079862594604492, 2.0797345638275146, 2.0797014236450195, 2.079655170440674, 2.0796141624450684, 2.0795676708221436, 2.0795607566833496, 2.0795278549194336, 2.0795209407806396, 2.079495429992676, 2.079493761062622], "val_accuracy": [0.125, 0.125, 0.125, 0.125, 0.125, 0.125, 0.125, 0.125, 0.125, 0.125, 0.125, 0.125, 0.125, 0.125, 0.125, 0.125, 0.125, 0.125, 0.125, 0.125, 0.125, 0.125, 0.125, 0.125, 0.125, 0.125, 0.125, 0.125, 0.125, 0.125, 0.125, 0.125]}